{"cameraMode":{"drawMode":0,"name":"Shaded","section":"Shading Mode"},"sceneLighting":false,"audioPlay":false,"sceneViewState":{"showFog":true,"showMaterialUpdate":true,"showSkybox":false,"showFlares":true,"showImageEffects":true,"showParticleSystems":true},"in2DMode":false,"pivot":{"x":-0.03394387662410736,"y":0.10484190285205841,"z":-0.03897184133529663},"rotation":{"x":-0.1749183088541031,"y":0.8132404685020447,"z":-0.30938851833343508,"w":-0.46103227138519289},"size":0.8271886110305786,"orthographic":false}