{"cameraMode":{"drawMode":0,"name":"Shaded","section":"Shading Mode"},"sceneLighting":false,"audioPlay":false,"sceneViewState":{"showFog":true,"showMaterialUpdate":true,"showSkybox":false,"showFlares":true,"showImageEffects":true,"showParticleSystems":true},"in2DMode":false,"pivot":{"x":0.024678200483322145,"y":-0.26892805099487307,"z":0.3172205686569214},"rotation":{"x":0.29012730717658999,"y":0.002212763065472245,"z":-0.0004282651061657816,"w":0.9571447372436523},"size":22.0,"orthographic":false}