{"cameraMode":{"drawMode":0,"name":"Shaded","section":"Shading Mode"},"sceneLighting":true,"audioPlay":false,"sceneViewState":{"showFog":true,"showMaterialUpdate":true,"showSkybox":true,"showFlares":true,"showImageEffects":true,"showParticleSystems":true},"in2DMode":false,"pivot":{"x":20.282365798950197,"y":-0.337063193321228,"z":9.620123863220215},"rotation":{"x":-0.3311217725276947,"y":-0.042190082371234897,"z":0.014337609522044659,"w":-0.9425539970397949},"size":3.8774242401123049,"orthographic":false}