{"cameraMode":{"drawMode":0,"name":"Shaded","section":"Shading Mode"},"sceneLighting":false,"audioPlay":false,"sceneViewState":{"showFog":true,"showMaterialUpdate":true,"showSkybox":false,"showFlares":true,"showImageEffects":true,"showParticleSystems":true},"in2DMode":false,"pivot":{"x":-34.470001220703128,"y":100.0,"z":-32.47999954223633},"rotation":{"x":0.49756696820259097,"y":0.01773820072412491,"z":-0.009811188094317913,"w":0.8673678636550903},"size":2.8578836917877199,"orthographic":false}